"country","iso2c","iso3c","year","status","lastupdated","GDP","Population","Life_Expectancy","Exports_of_GDP","Imports_of_GDP","Total_Exports","Total_Imports","region","capital","longitude","latitude","income","lending"
"Bangladesh","BD","BGD",1980,"","2024-12-16",18138049095.6072,88016432,51.85,5.49428379105126,17.8829473211837,996555891.472868,3243617764.85788,"South Asia","Dhaka","90.4113","23.7055","Lower middle income","IDA"
"Bangladesh","BD","BGD",1981,"","2024-12-16",20249694002.448,90303105,52.169,5.13086315280464,14.1162959381044,1038984088.1273,2858506731.94614,"South Asia","Dhaka","90.4113","23.7055","Lower middle income","IDA"
"Bangladesh","BD","BGD",1982,"","2024-12-16",18525399201.5968,92814507,52.54,5.07529986612758,15.5316243276076,940219560.878244,2877295409.18164,"South Asia","Dhaka","90.4113","23.7055","Lower middle income","IDA"
"Bangladesh","BD","BGD",1983,"","2024-12-16",17609048821.5488,95335155,53.011,5.60384903116941,14.7130315900677,986784511.784512,2590824915.82492,"South Asia","Dhaka","90.4113","23.7055","Lower middle income","IDA"
"Bangladesh","BD","BGD",1984,"","2024-12-16",18920840000,97814966,53.54,3.39625513455005,13.4154720403534,642600000,2538320000,"South Asia","Dhaka","90.4113","23.7055","Lower middle income","IDA"
"Bangladesh","BD","BGD",1985,"","2024-12-16",22278423076.9231,100253825,53.897,5.38447860037049,12.8377060246289,1199576923.07692,2860038461.53846,"South Asia","Dhaka","90.4113","23.7055","Lower middle income","IDA"
"Bangladesh","BD","BGD",1986,"","2024-12-16",21774033333.3333,102635572,54.415,5.18293196330185,11.8358105449764,1128533333.33333,2577133333.33333,"South Asia","Dhaka","90.4113","23.7055","Lower middle income","IDA"
"Bangladesh","BD","BGD",1987,"","2024-12-16",24298032258.0645,104959291,54.926,4.99004963895921,11.6977479923371,1212483870.96774,2842322580.64516,"South Asia","Dhaka","90.4113","23.7055","Lower middle income","IDA"
"Bangladesh","BD","BGD",1988,"","2024-12-16",26579005558.3652,107216008,55.027,5.42830096531266,12.2497633446486,1442788415.29524,3255865280.26073,"South Asia","Dhaka","90.4113","23.7055","Lower middle income","IDA"
"Bangladesh","BD","BGD",1989,"","2024-12-16",28781715188.8919,109433799,55.089,5.54014371794136,12.7850303011279,1594548385.95317,3679751008.08418,"South Asia","Dhaka","90.4113","23.7055","Lower middle income","IDA"
"Bangladesh","BD","BGD",1990,"","2024-12-16",31598340778.2164,111633717,55.989,5.90831648660892,13.0581855259296,1866929977.69423,4126169961.93496,"South Asia","Dhaka","90.4113","23.7055","Lower middle income","IDA"
"Bangladesh","BD","BGD",1991,"","2024-12-16",30957483949.5798,113787109,54.154,6.66261196863293,12.2272149164418,2062577030.81232,3785238095.23809,"South Asia","Dhaka","90.4113","23.7055","Lower middle income","IDA"
"Bangladesh","BD","BGD",1992,"","2024-12-16",31708874594.1645,115952192,57.635,7.58667691037111,12.3473285920799,2405649867.37401,3915198938.99204,"South Asia","Dhaka","90.4113","23.7055","Lower middle income","IDA"
"Bangladesh","BD","BGD",1993,"","2024-12-16",33166519417.9894,118132360,57.927,9.01726903574974,14.1043140341485,2990714285.71429,4677910052.91005,"South Asia","Dhaka","90.4113","23.7055","Lower middle income","IDA"
"Bangladesh","BD","BGD",1994,"","2024-12-16",33768660882.793,120343179,58.617,9.00154364628231,13.864320908288,3039700748.12968,4681795511.22194,"South Asia","Dhaka","90.4113","23.7055","Lower middle income","IDA"
"Bangladesh","BD","BGD",1995,"","2024-12-16",37939748768.6567,122600370,59.467,10.864634213863,17.3448618625588,4122014925.37313,6580597014.92537,"South Asia","Dhaka","90.4113","23.7055","Lower middle income","IDA"
"Bangladesh","BD","BGD",1996,"","2024-12-16",46438484107.5795,124862179,59.492,9.70650764952346,16.3695800738575,4507555012.22494,7601784841.0758,"South Asia","Dhaka","90.4113","23.7055","Lower middle income","IDA"
"Bangladesh","BD","BGD",1997,"","2024-12-16",48244309133.4895,127198069,61.427,10.5203705573506,15.8051428327327,5075480093.67682,7625081967.21311,"South Asia","Dhaka","90.4113","23.7055","Lower middle income","IDA"
"Bangladesh","BD","BGD",1998,"","2024-12-16",49984559471.3656,129622332,63.917,11.7573312287186,16.1227321741207,5876850220.26432,8058876651.98238,"South Asia","Dhaka","90.4113","23.7055","Lower middle income","IDA"
"Bangladesh","BD","BGD",1999,"","2024-12-16",51270569883.5275,132108065,66.228,11.7586423857313,16.6292981713845,6028722961.73045,8525935940.09983,"South Asia","Dhaka","90.4113","23.7055","Lower middle income","IDA"
"Bangladesh","BD","BGD",2000,"","2024-12-16",53369787318.6245,134544304,65.779,12.3442012279919,16.9775131339119,6588073941.56231,9060862651.56033,"South Asia","Dhaka","90.4113","23.7055","Lower middle income","IDA"
"Bangladesh","BD","BGD",2001,"","2024-12-16",53991289844.3291,136805810,66.135,13.3865592080649,18.7114578649468,7227575982.20904,10102557449.9629,"South Asia","Dhaka","90.4113","23.7055","Lower middle income","IDA"
"Bangladesh","BD","BGD",2002,"","2024-12-16",54724081490.5102,138933658,66.612,12.4099689322019,16.557411788963,6791241511.40519,9060891520.11144,"South Asia","Dhaka","90.4113","23.7055","Lower middle income","IDA"
"Bangladesh","BD","BGD",2003,"","2024-12-16",60158929188.2556,140970351,66.824,11.4311486959413,16.2267362042167,6876856649.39551,9761830742.65976,"South Asia","Dhaka","90.4113","23.7055","Lower middle income","IDA"
"Bangladesh","BD","BGD",2004,"","2024-12-16",65108544250.0425,142902856,67.187,11.1465089461353,15.7117252031078,7257329709.52947,10229675556.3105,"South Asia","Dhaka","90.4113","23.7055","Lower middle income","IDA"
"Bangladesh","BD","BGD",2005,"","2024-12-16",69476001239.419,144715786,67.299,14.3928418979283,20.0040929665367,9999571015.39225,13898043877.3656,"South Asia","Dhaka","90.4113","23.7055","Lower middle income","IDA"
"Bangladesh","BD","BGD",2006,"","2024-12-16",71795736172.1561,146405973,67.241,16.3534635652888,21.7584608673034,11741089556.3444,15621647159.4109,"South Asia","Dhaka","90.4113","23.7055","Lower middle income","IDA"
"Bangladesh","BD","BGD",2007,"","2024-12-16",79611644974.5571,147989278,66.714,16.9953348464905,22.9470478066831,13530265640.2252,18268522231.9984,"South Asia","Dhaka","90.4113","23.7055","Lower middle income","IDA"
"Bangladesh","BD","BGD",2008,"","2024-12-16",91636997370.9772,149474264,67.051,17.6588584820757,24.9620555504832,16182047682.9643,22874478188.5382,"South Asia","Dhaka","90.4113","23.7055","Lower middle income","IDA"
"Bangladesh","BD","BGD",2009,"","2024-12-16",102475158190.998,150873714,67.403,16.9401329056133,23.1526633174097,17359427992.7925,23725728359.9447,"South Asia","Dhaka","90.4113","23.7055","Lower middle income","IDA"
"Bangladesh","BD","BGD",2010,"","2024-12-16",115275540051.262,152201981,68.638,16.0241126856916,21.7787299851405,18471882436.8538,25105548606.6769,"South Asia","Dhaka","90.4113","23.7055","Lower middle income","IDA"
"Bangladesh","BD","BGD",2011,"","2024-12-16",128607482310.357,153591076,68.809,19.9220749554939,27.4987748801959,25621279024.2428,35365482039.6129,"South Asia","Dhaka","90.4113","23.7055","Lower middle income","IDA"
"Bangladesh","BD","BGD",2012,"","2024-12-16",133310747603.483,155070101,69.554,20.1615888640625,27.9493338849842,26877564843.4222,37259465952.266,"South Asia","Dhaka","90.4113","23.7055","Lower middle income","IDA"
"Bangladesh","BD","BGD",2013,"","2024-12-16",149998957434.186,156532141,69.565,19.5378741098798,26.7585286129376,29306607469.6236,40137513944.1348,"South Asia","Dhaka","90.4113","23.7055","Lower middle income","IDA"
"Bangladesh","BD","BGD",2014,"","2024-12-16",172886611653.786,157964929,69.986,18.9896599950107,25.5244202017989,32830579729.9485,44128305231.1645,"South Asia","Dhaka","90.4113","23.7055","Lower middle income","IDA"
"Bangladesh","BD","BGD",2015,"","2024-12-16",195146608978.131,159383179,70.491,17.3366737865485,24.7493225204896,33831931004.0501,48297463643.7965,"South Asia","Dhaka","90.4113","23.7055","Lower middle income","IDA"
"Bangladesh","BD","BGD",2016,"","2024-12-16",265224515675.034,160811932,71.09,13.9212044814459,17.4129456531683,36922447162.046,46183400773.3724,"South Asia","Dhaka","90.4113","23.7055","Lower middle income","IDA"
"Bangladesh","BD","BGD",2017,"","2024-12-16",293732446624.596,162186147,71.788,12.8197468906003,17.179983781834,37655756192.841,50463186692.0898,"South Asia","Dhaka","90.4113","23.7055","Lower middle income","IDA"
"Bangladesh","BD","BGD",2018,"","2024-12-16",321362752441.78,163523103,72.567,12.6747879443391,19.8398437797492,40732047404.0872,63757868050.7515,"South Asia","Dhaka","90.4113","23.7055","Lower middle income","IDA"
"Bangladesh","BD","BGD",2019,"","2024-12-16",351231654603.692,164913055,72.806,13.0947573353039,18.4832971559365,45992932855.1263,64919190426.113,"South Asia","Dhaka","90.4113","23.7055","Lower middle income","IDA"
"Bangladesh","BD","BGD",2020,"","2024-12-16",373979442362.193,166298024,71.968,10.4427880616037,15.8286593146113,39053880559.8514,59195931838.1946,"South Asia","Dhaka","90.4113","23.7055","Lower middle income","IDA"
"Bangladesh","BD","BGD",2021,"","2024-12-16",416271647911.014,167658854,72.381,10.6627789004134,17.0612258032497,44386125441.8587,71021045805.0068,"South Asia","Dhaka","90.4113","23.7055","Lower middle income","IDA"
"Bangladesh","BD","BGD",2022,"","2024-12-16",460131688909.301,169384897,73.698,12.8822264348985,20.897740835675,59275206064.019,96157127851.08,"South Asia","Dhaka","90.4113","23.7055","Lower middle income","IDA"
"Bangladesh","BD","BGD",2023,"","2024-12-16",437415331040.994,171466990,NA,13.1571638341204,17.8258075763392,57551451740.6239,77972815220.7747,"South Asia","Dhaka","90.4113","23.7055","Lower middle income","IDA"
"Bhutan","BT","BTN",1980,"","2024-12-16",128669200.916451,433404,48.218,14.380477343088,39.7343590069514,18503245.2853225,51125882.223518,"South Asia","Thimphu","89.6177","27.5768","Lower middle income","IDA"
"Bhutan","BT","BTN",1981,"","2024-12-16",139174178.090189,447836,49.034,16.2434061617107,50.538452981217,22606627.019412,70336476.5561055,"South Asia","Thimphu","89.6177","27.5768","Lower middle income","IDA"
"Bhutan","BT","BTN",1982,"","2024-12-16",141439317.399271,462485,49.853,14.4310209819253,50.2494745834179,20411137.5705807,71072513.8475063,"South Asia","Thimphu","89.6177","27.5768","Lower middle income","IDA"
"Bhutan","BT","BTN",1983,"","2024-12-16",156704289.913612,477460,50.637,12.7440645062992,48.3715855789966,19970495.7907288,75800349.7015219,"South Asia","Thimphu","89.6177","27.5768","Lower middle income","IDA"
"Bhutan","BT","BTN",1984,"","2024-12-16",160423493.936194,492784,51.4,13.6403639325243,47.606867024635,21882348.4061679,76372599.4344772,"South Asia","Thimphu","89.6177","27.5768","Lower middle income","IDA"
"Bhutan","BT","BTN",1985,"","2024-12-16",163288815.361294,508392,52.118,15.8143979086256,53.9392770245984,25823143.0015159,88076806.4679131,"South Asia","Thimphu","89.6177","27.5768","Lower middle income","IDA"
"Bhutan","BT","BTN",1986,"","2024-12-16",191218115.488485,524324,52.919,18.5662411276266,55.2023353051113,35502016.4012956,105556865.276069,"South Asia","Thimphu","89.6177","27.5768","Lower middle income","IDA"
"Bhutan","BT","BTN",1987,"","2024-12-16",242742766.346488,540557,53.72,24.5570179073681,39.724943016,59610384.6005478,96429425.6066042,"South Asia","Thimphu","89.6177","27.5768","Lower middle income","IDA"
"Bhutan","BT","BTN",1988,"","2024-12-16",272298066.556045,556986,54.513,29.2704117614086,51.2118077527662,79702765.2993088,139448762.359181,"South Asia","Thimphu","89.6177","27.5768","Lower middle income","IDA"
"Bhutan","BT","BTN",1989,"","2024-12-16",264798626.174848,573586,55.261,29.2371207225325,39.5774214966312,77419494.006348,104800468.398509,"South Asia","Thimphu","89.6177","27.5768","Lower middle income","IDA"
"Bhutan","BT","BTN",1990,"","2024-12-16",287765007.112863,589287,55.968,27.9616719301099,33.2546155090416,80463907.2185563,95695146.6849487,"South Asia","Thimphu","89.6177","27.5768","Lower middle income","IDA"
"Bhutan","BT","BTN",1991,"","2024-12-16",240294286.015925,599784,56.642,33.4596753116132,42.5133105015892,80401687.8932874,102157055.931527,"South Asia","Thimphu","89.6177","27.5768","Lower middle income","IDA"
"Bhutan","BT","BTN",1992,"","2024-12-16",240233531.160464,577774,57.423,33.3950994352653,58.3657381322212,80226226.6078861,140214073.702905,"South Asia","Thimphu","89.6177","27.5768","Lower middle income","IDA"
"Bhutan","BT","BTN",1993,"","2024-12-16",225973692.8371,554673,58.117,32.859302834155,45.8966905132668,74253380.0548658,103714446.442844,"South Asia","Thimphu","89.6177","27.5768","Lower middle income","IDA"
"Bhutan","BT","BTN",1994,"","2024-12-16",258954708.048533,554497,58.635,30.875962913691,41.2248164419524,79954759.620322,106753603.060802,"South Asia","Thimphu","89.6177","27.5768","Lower middle income","IDA"
"Bhutan","BT","BTN",1995,"","2024-12-16",290490983.815778,547989,59.516,39.4058307240615,44.4770779254936,114470385.351106,129201901.238277,"South Asia","Thimphu","89.6177","27.5768","Lower middle income","IDA"
"Bhutan","BT","BTN",1996,"","2024-12-16",303408345.620078,548784,60.212,37.0068223521095,47.6226690817854,112281787.465097,144491152.401169,"South Asia","Thimphu","89.6177","27.5768","Lower middle income","IDA"
"Bhutan","BT","BTN",1997,"","2024-12-16",352229076.707627,558697,60.852,37.3014697549024,47.9099674736012,131386622.516068,168752836.08319,"South Asia","Thimphu","89.6177","27.5768","Lower middle income","IDA"
"Bhutan","BT","BTN",1998,"","2024-12-16",363458380.903342,569435,61.549,34.3296793518192,51.2534557405804,124774096.741431,186284980.391724,"South Asia","Thimphu","89.6177","27.5768","Lower middle income","IDA"
"Bhutan","BT","BTN",1999,"","2024-12-16",399311199.50776,582579,62.23,32.6549090148802,53.2112969675768,130394708.885486,212478668.194867,"South Asia","Thimphu","89.6177","27.5768","Lower middle income","IDA"
"Bhutan","BT","BTN",2000,"","2024-12-16",460733418.399276,596863,62.01,28.0014111590781,46.0250859513651,129011858.833257,212052951.824929,"South Asia","Thimphu","89.6177","27.5768","Lower middle income","IDA"
"Bhutan","BT","BTN",2001,"","2024-12-16",496110225.710307,610794,63.444,25.2417137581544,45.8528609714044,125226723.098729,227480732.059868,"South Asia","Thimphu","89.6177","27.5768","Lower middle income","IDA"
"Bhutan","BT","BTN",2002,"","2024-12-16",559345263.708309,624409,64.078,22.9202319620156,47.363085238581,128203231.910492,264923174.028132,"South Asia","Thimphu","89.6177","27.5768","Lower middle income","IDA"
"Bhutan","BT","BTN",2003,"","2024-12-16",651935430.314445,637663,64.696,24.3568394131845,48.4930612461766,158790865.839343,316143447.507909,"South Asia","Thimphu","89.6177","27.5768","Lower middle income","IDA"
"Bhutan","BT","BTN",2004,"","2024-12-16",735348490.428435,650544,65.268,29.6518401624113,59.4087116380181,218044359.018544,436861064.213148,"South Asia","Thimphu","89.6177","27.5768","Lower middle income","IDA"
"Bhutan","BT","BTN",2005,"","2024-12-16",860391000.221655,661865,65.805,36.4043942963452,61.3390192465892,313220132.210959,527755401.221883,"South Asia","Thimphu","89.6177","27.5768","Lower middle income","IDA"
"Bhutan","BT","BTN",2006,"","2024-12-16",942879878.538879,670799,66.362,51.8129303116649,56.3448645794603,488533694.39006,531264390.709711,"South Asia","Thimphu","89.6177","27.5768","Lower middle income","IDA"
"Bhutan","BT","BTN",2007,"","2024-12-16",1255767964.00491,678641,66.954,52.3571269654224,54.5718954495773,657484027.305152,685296380.406047,"South Asia","Thimphu","89.6177","27.5768","Lower middle income","IDA"
"Bhutan","BT","BTN",2008,"","2024-12-16",1317517834.59916,686351,67.499,46.598977305103,55.3552583644183,613949836.735545,729315401.339652,"South Asia","Thimphu","89.6177","27.5768","Lower middle income","IDA"
"Bhutan","BT","BTN",2009,"","2024-12-16",1331343797.77308,693988,67.897,42.46629308784,59.0931184774042,565372359.169096,786732567.75962,"South Asia","Thimphu","89.6177","27.5768","Lower middle income","IDA"
"Bhutan","BT","BTN",2010,"","2024-12-16",1708880730.87271,701632,68.43,39.3870452803126,65.6236214740519,673077627.255369,1121429422.27092,"South Asia","Thimphu","89.6177","27.5768","Lower middle income","IDA"
"Bhutan","BT","BTN",2011,"","2024-12-16",1977728659.25621,709377,68.881,37.9232018845135,64.8723983483613,750018032.177615,1283000014.08239,"South Asia","Thimphu","89.6177","27.5768","Lower middle income","IDA"
"Bhutan","BT","BTN",2012,"","2024-12-16",1973387228.03924,717279,69.326,35.788109796937,58.256917359116,706237987.889414,1149634566.61417,"South Asia","Thimphu","89.6177","27.5768","Lower middle income","IDA"
"Bhutan","BT","BTN",2013,"","2024-12-16",1943696951.76613,725273,69.707,37.434365976838,57.6181723221495,727610630.404777,1119922659.08897,"South Asia","Thimphu","89.6177","27.5768","Lower middle income","IDA"
"Bhutan","BT","BTN",2014,"","2024-12-16",2089079570.67546,733139,70.049,34.189341370886,53.7449147826184,714242545.927674,1122774035.00062,"South Asia","Thimphu","89.6177","27.5768","Lower middle income","IDA"
"Bhutan","BT","BTN",2015,"","2024-12-16",2187815803.82922,740618,70.343,31.5360909677341,58.1030694625137,689951582.102045,1271188136.21074,"South Asia","Thimphu","89.6177","27.5768","Lower middle income","IDA"
"Bhutan","BT","BTN",2016,"","2024-12-16",2357504760.5975,747866,70.602,27.1228339469442,49.2619189445197,639422101.508163,1161352084.27873,"South Asia","Thimphu","89.6177","27.5768","Lower middle income","IDA"
"Bhutan","BT","BTN",2017,"","2024-12-16",2591358009.79792,754335,70.847,28.4464080403722,48.3419936250555,737148273.253984,1252714123.89888,"South Asia","Thimphu","89.6177","27.5768","Lower middle income","IDA"
"Bhutan","BT","BTN",2018,"","2024-12-16",2583335721.20625,759759,71.129,29.1897191951567,50.5500011526558,754068442.88828,1305876236.84673,"South Asia","Thimphu","89.6177","27.5768","Lower middle income","IDA"
"Bhutan","BT","BTN",2019,"","2024-12-16",2735683570.28851,764824,71.391,31.4575032893846,44.6660134237944,860577749.110661,1221920790.7376,"South Asia","Thimphu","89.6177","27.5768","Lower middle income","IDA"
"Bhutan","BT","BTN",2020,"","2024-12-16",2457604334.15915,770006,71.609,28.0656355062547,43.7647154954586,689742274.611024,1075563544.84881,"South Asia","Thimphu","89.6177","27.5768","Lower middle income","IDA"
"Bhutan","BT","BTN",2021,"","2024-12-16",2768802959.60794,775442,71.815,29.1987407099801,48.3837076107953,808455596.946177,1339649528.29575,"South Asia","Thimphu","89.6177","27.5768","Lower middle income","IDA"
"Bhutan","BT","BTN",2022,"","2024-12-16",2898227743.13545,780914,72.229,25.4988399719131,60.0723765778516,739014454.243697,1741034283.9401,"South Asia","Thimphu","89.6177","27.5768","Lower middle income","IDA"
"Bhutan","BT","BTN",2023,"","2024-12-16",NA,786385,NA,NA,NA,NA,NA,"South Asia","Thimphu","89.6177","27.5768","Lower middle income","IDA"
"India","IN","IND",1980,"","2024-12-16",186328579302.068,687354025,53.611,6.13955113216183,9.24502571634426,11439738400.0812,17226125073.3751,"South Asia","New Delhi","77.225","28.6353","Lower middle income","IBRD"
"India","IN","IND",1981,"","2024-12-16",193491368445.573,703696250,54.175,5.93602662657806,8.57123813504237,11485699151.0595,16584605960.2223,"South Asia","New Delhi","77.225","28.6353","Lower middle income","IBRD"
"India","IN","IND",1982,"","2024-12-16",200715624830.902,720313473,54.732,5.98329984863978,8.14262790090769,12009417676.7037,16343526468.9622,"South Asia","New Delhi","77.225","28.6353","Lower middle income","IBRD"
"India","IN","IND",1983,"","2024-12-16",218262146413.158,737372681,55.281,5.83762942427856,7.85296446260169,12741335281.0764,17140048793.1369,"South Asia","New Delhi","77.225","28.6353","Lower middle income","IBRD"
"India","IN","IND",1984,"","2024-12-16",212157645177.652,754875449,55.816,6.28340139288612,7.72597455124279,13330716432.207,16391245674.9413,"South Asia","New Delhi","77.225","28.6353","Lower middle income","IBRD"
"India","IN","IND",1985,"","2024-12-16",232511554840.372,772647793,56.334,5.25455499628708,7.64548119786163,12217447521.8095,17776627208.1764,"South Asia","New Delhi","77.225","28.6353","Lower middle income","IBRD"
"India","IN","IND",1986,"","2024-12-16",248985994040.59,790689978,56.835,5.19622166035989,7.02305023901268,12937864153.5995,17486411449.5757,"South Asia","New Delhi","77.225","28.6353","Lower middle income","IBRD"
"India","IN","IND",1987,"","2024-12-16",279033584092.223,808931270,57.315,5.60458088400396,6.98023315167182,15638662913.9839,19477194741.1034,"South Asia","New Delhi","77.225","28.6353","Lower middle income","IBRD"
"India","IN","IND",1988,"","2024-12-16",296589670895.932,827342990,57.777,6.03521975491128,7.45523036139042,17899838408.9376,22111443193.3815,"South Asia","New Delhi","77.225","28.6353","Lower middle income","IBRD"
"India","IN","IND",1989,"","2024-12-16",296042052944.66,846039529,58.233,7.01613027794311,8.15200181272641,20770696112.0947,24133353522.4812,"South Asia","New Delhi","77.225","28.6353","Lower middle income","IBRD"
"India","IN","IND",1990,"","2024-12-16",320979026420.035,864972221,58.652,7.05335023414457,8.45291127605198,22639774911.5525,27132072318.021,"South Asia","New Delhi","77.225","28.6353","Lower middle income","IBRD"
"India","IN","IND",1991,"","2024-12-16",270105341879.226,883927600,59.055,8.49424077053547,8.49348578059959,22943398073.2995,22941358805.152,"South Asia","New Delhi","77.225","28.6353","Lower middle income","IBRD"
"India","IN","IND",1992,"","2024-12-16",288208070278.013,902957070,59.452,8.84292692502088,9.59017211680717,25486029046.6975,27639649994.19,"South Asia","New Delhi","77.225","28.6353","Lower middle income","IBRD"
"India","IN","IND",1993,"","2024-12-16",279295648982.529,922118387,59.815,9.83421745486326,9.81732233160511,27466541462.9135,27419354118.7633,"South Asia","New Delhi","77.225","28.6353","Lower middle income","IBRD"
"India","IN","IND",1994,"","2024-12-16",327274843459.429,941163767,60.216,9.8880849164454,10.1900594604801,32361214431.4321,33349501147.7089,"South Asia","New Delhi","77.225","28.6353","Lower middle income","IBRD"
"India","IN","IND",1995,"","2024-12-16",360281909643.489,960301044,60.596,10.8439680350622,12.0234806711877,39068855117.8518,43318425767.7707,"South Asia","New Delhi","77.225","28.6353","Lower middle income","IBRD"
"India","IN","IND",1996,"","2024-12-16",392896866204.516,979678458,60.984,10.3851692716063,11.5443185997804,40803004618.1754,45357266003.2021,"South Asia","New Delhi","77.225","28.6353","Lower middle income","IBRD"
"India","IN","IND",1997,"","2024-12-16",415867563592.829,999133762,61.388,10.690717318379,11.9286695486689,44459225642.5392,49607467421.0891,"South Asia","New Delhi","77.225","28.6353","Lower middle income","IBRD"
"India","IN","IND",1998,"","2024-12-16",421351317224.941,1018665080,61.792,11.0184691793102,12.6810008997545,46426465025.0477,53431564328.4224,"South Asia","New Delhi","77.225","28.6353","Lower middle income","IBRD"
"India","IN","IND",1999,"","2024-12-16",458821052615.79,1038225823,62.207,11.4520646128009,13.363533431492,52544483402.6936,61314704757.0345,"South Asia","New Delhi","77.225","28.6353","Lower middle income","IBRD"
"India","IN","IND",2000,"","2024-12-16",468395521654.458,1057922733,62.669,12.9972363113479,13.9036865990995,60878472821.2004,65124245375.0531,"South Asia","New Delhi","77.225","28.6353","Lower middle income","IBRD"
"India","IN","IND",2001,"","2024-12-16",485440139204.171,1077898575,63.091,12.5583796339108,13.4348751195257,60963415576.6447,65218276482.1322,"South Asia","New Delhi","77.225","28.6353","Lower middle income","IBRD"
"India","IN","IND",2002,"","2024-12-16",514939140318.756,1097600380,63.616,14.2643839243147,15.2442790107467,73452895951.6331,78498759285.7313,"South Asia","New Delhi","77.225","28.6353","Lower middle income","IBRD"
"India","IN","IND",2003,"","2024-12-16",607700687237.318,1116803006,64.094,14.9479138581734,15.6445222747346,90838575243.7621,95071869378.5573,"South Asia","New Delhi","77.225","28.6353","Lower middle income","IBRD"
"India","IN","IND",2004,"","2024-12-16",709152728830.775,1135991513,64.524,17.8591249630479,19.6446890963991,126648472020.752,139310848797.436,"South Asia","New Delhi","77.225","28.6353","Lower middle income","IBRD"
"India","IN","IND",2005,"","2024-12-16",820383763511.445,1154676322,64.996,19.6052466948335,22.3964229200356,160838260680.778,183736617243.328,"South Asia","New Delhi","77.225","28.6353","Lower middle income","IBRD"
"India","IN","IND",2006,"","2024-12-16",940259888787.721,1172878890,65.412,21.2679414221966,24.4565390770687,199973922363.783,229955027127.372,"South Asia","New Delhi","77.225","28.6353","Lower middle income","IBRD"
"India","IN","IND",2007,"","2024-12-16",1216736438834.96,1190676021,65.788,20.7996997489032,24.8865689304448,253077526013.168,302803952552.5,"South Asia","New Delhi","77.225","28.6353","Lower middle income","IBRD"
"India","IN","IND",2008,"","2024-12-16",1198895139005.92,1207930964,66.149,24.0973572601391,29.2708631790835,288902044820.698,350926955799.106,"South Asia","New Delhi","77.225","28.6353","Lower middle income","IBRD"
"India","IN","IND",2009,"","2024-12-16",1341888016994.9,1225524753,66.513,20.4005193743564,25.8723502685274,273752124889.211,347177967968.316,"South Asia","New Delhi","77.225","28.6353","Lower middle income","IBRD"
"India","IN","IND",2010,"","2024-12-16",1675615519484.96,1243481564,66.909,22.4009332487945,26.8542732486216,375353514026.267,449974370198.802,"South Asia","New Delhi","77.225","28.6353","Lower middle income","IBRD"
"India","IN","IND",2011,"","2024-12-16",1823051829894.55,1261224954,67.359,24.5404113195713,31.0834686939585,447384417625.093,566667744819.908,"South Asia","New Delhi","77.225","28.6353","Lower middle income","IBRD"
"India","IN","IND",2012,"","2024-12-16",1827637590410.41,1278674502,67.887,24.534430661418,31.2592910673332,448400477361.254,571306554042.386,"South Asia","New Delhi","77.225","28.6353","Lower middle income","IBRD"
"India","IN","IND",2013,"","2024-12-16",1856721507621.58,1295829511,68.46,25.430861300519,28.4132706461587,472180271340.149,527555307105.956,"South Asia","New Delhi","77.225","28.6353","Lower middle income","IBRD"
"India","IN","IND",2014,"","2024-12-16",2039126479154.52,1312277191,69.074,22.9679630081172,25.9542227389497,468345815420.933,529239428328.665,"South Asia","New Delhi","77.225","28.6353","Lower middle income","IBRD"
"India","IN","IND",2015,"","2024-12-16",2103588360044.94,1328024498,69.636,19.8131891564045,22.1097247094602,416787940847.812,465097595426.184,"South Asia","New Delhi","77.225","28.6353","Lower middle income","IBRD"
"India","IN","IND",2016,"","2024-12-16",2294796885663.16,1343944296,70.117,19.1582349105946,20.9242508026814,439642578076.358,480169055768.282,"South Asia","New Delhi","77.225","28.6353","Lower middle income","IBRD"
"India","IN","IND",2017,"","2024-12-16",2651474262755.45,1359657400,70.467,18.7917648392982,21.9507321152243,498258808231.521,582018012521.568,"South Asia","New Delhi","77.225","28.6353","Lower middle income","IBRD"
"India","IN","IND",2018,"","2024-12-16",2702929641648.74,1374659064,70.71,19.9278285988562,23.6891407335327,538635186135.438,640300806738.542,"South Asia","New Delhi","77.225","28.6353","Lower middle income","IBRD"
"India","IN","IND",2019,"","2024-12-16",2835606256558.19,1389030312,70.91,18.664264897257,21.2411386333872,529245063167.215,602315056052.526,"South Asia","New Delhi","77.225","28.6353","Lower middle income","IBRD"
"India","IN","IND",2020,"","2024-12-16",2674851578587.27,1402617695,70.15,18.6824769296756,19.0756283996012,499728529072.629,510244747372.174,"South Asia","New Delhi","77.225","28.6353","Lower middle income","IBRD"
"India","IN","IND",2021,"","2024-12-16",3167270623260.47,1414203896,67.24,21.3991583305515,24.0239304534931,677769255428.552,760902891806.013,"South Asia","New Delhi","77.225","28.6353","Lower middle income","IBRD"
"India","IN","IND",2022,"","2024-12-16",3353470496886.33,1425423212,67.744,23.2004878372097,26.7648321318227,778021514754.531,897550749081.828,"South Asia","New Delhi","77.225","28.6353","Lower middle income","IBRD"
"India","IN","IND",2023,"","2024-12-16",3567551674623.01,1438069596,NA,21.8482115022381,24.0736387142048,779446235323.272,858839501091.307,"South Asia","New Delhi","77.225","28.6353","Lower middle income","IBRD"
"Maldives","MV","MDV",1980,"","2024-12-16",42463576.1589404,164835,55.621,NA,NA,NA,NA,"South Asia","Male","73.5109","4.1742","Upper middle income","IDA"
"Maldives","MV","MDV",1981,"","2024-12-16",44781456.9536424,169532,56.421,NA,NA,NA,NA,"South Asia","Male","73.5109","4.1742","Upper middle income","IDA"
"Maldives","MV","MDV",1982,"","2024-12-16",47911340.1834794,174333,57.296,NA,NA,NA,NA,"South Asia","Male","73.5109","4.1742","Upper middle income","IDA"
"Maldives","MV","MDV",1983,"","2024-12-16",57829787.2340426,179128,58.09,NA,NA,NA,NA,"South Asia","Male","73.5109","4.1742","Upper middle income","IDA"
"Maldives","MV","MDV",1984,"","2024-12-16",109503546.099291,184198,58.916,NA,NA,NA,NA,"South Asia","Male","73.5109","4.1742","Upper middle income","IDA"
"Maldives","MV","MDV",1985,"","2024-12-16",127190757.959989,190169,59.749,NA,NA,NA,NA,"South Asia","Male","73.5109","4.1742","Upper middle income","IDA"
"Maldives","MV","MDV",1986,"","2024-12-16",141882254.230178,196935,60.517,NA,NA,NA,NA,"South Asia","Male","73.5109","4.1742","Upper middle income","IDA"
"Maldives","MV","MDV",1987,"","2024-12-16",141223029.383064,203944,61.31,NA,NA,NA,NA,"South Asia","Male","73.5109","4.1742","Upper middle income","IDA"
"Maldives","MV","MDV",1988,"","2024-12-16",168514513.375071,210885,62.132,NA,NA,NA,NA,"South Asia","Male","73.5109","4.1742","Upper middle income","IDA"
"Maldives","MV","MDV",1989,"","2024-12-16",189514434.244,217738,62.847,NA,NA,NA,NA,"South Asia","Male","73.5109","4.1742","Upper middle income","IDA"
"Maldives","MV","MDV",1990,"","2024-12-16",215043969.849246,224762,63.578,NA,NA,NA,NA,"South Asia","Male","73.5109","4.1742","Upper middle income","IDA"
"Maldives","MV","MDV",1991,"","2024-12-16",244396761.92334,231802,64.304,NA,NA,NA,NA,"South Asia","Male","73.5109","4.1742","Upper middle income","IDA"
"Maldives","MV","MDV",1992,"","2024-12-16",284875809.039634,238543,65.007,NA,NA,NA,NA,"South Asia","Male","73.5109","4.1742","Upper middle income","IDA"
"Maldives","MV","MDV",1993,"","2024-12-16",322417837.161971,244884,65.739,NA,NA,NA,NA,"South Asia","Male","73.5109","4.1742","Upper middle income","IDA"
"Maldives","MV","MDV",1994,"","2024-12-16",356014932.136461,250822,66.511,NA,NA,NA,NA,"South Asia","Male","73.5109","4.1742","Upper middle income","IDA"
"Maldives","MV","MDV",1995,"","2024-12-16",398988954.970263,256649,67.476,NA,NA,NA,NA,"South Asia","Male","73.5109","4.1742","Upper middle income","IDA"
"Maldives","MV","MDV",1996,"","2024-12-16",450382327.952421,262347,68.702,NA,NA,NA,NA,"South Asia","Male","73.5109","4.1742","Upper middle income","IDA"
"Maldives","MV","MDV",1997,"","2024-12-16",508223602.378929,267707,69.225,NA,NA,NA,NA,"South Asia","Male","73.5109","4.1742","Upper middle income","IDA"
"Maldives","MV","MDV",1998,"","2024-12-16",540096397.621071,272723,69.572,NA,NA,NA,NA,"South Asia","Male","73.5109","4.1742","Upper middle income","IDA"
"Maldives","MV","MDV",1999,"","2024-12-16",589239753.610875,277412,70.088,NA,NA,NA,NA,"South Asia","Male","73.5109","4.1742","Upper middle income","IDA"
"Maldives","MV","MDV",2000,"","2024-12-16",624337145.284622,282019,70.876,NA,NA,NA,NA,"South Asia","Male","73.5109","4.1742","Upper middle income","IDA"
"Maldives","MV","MDV",2001,"","2024-12-16",870031676.798793,286767,72.181,NA,NA,NA,NA,"South Asia","Male","73.5109","4.1742","Upper middle income","IDA"
"Maldives","MV","MDV",2002,"","2024-12-16",897031250,291616,73.291,NA,NA,NA,NA,"South Asia","Male","73.5109","4.1742","Upper middle income","IDA"
"Maldives","MV","MDV",2003,"","2024-12-16",1052121054.6875,296491,74.06,NA,NA,NA,NA,"South Asia","Male","73.5109","4.1742","Upper middle income","IDA"
"Maldives","MV","MDV",2004,"","2024-12-16",1226829562.5,301413,73.538,NA,NA,NA,NA,"South Asia","Male","73.5109","4.1742","Upper middle income","IDA"
"Maldives","MV","MDV",2005,"","2024-12-16",1163362437.5,306429,74.751,NA,NA,NA,NA,"South Asia","Male","73.5109","4.1742","Upper middle income","IDA"
"Maldives","MV","MDV",2006,"","2024-12-16",1575200390.625,313851,75.13,NA,NA,NA,NA,"South Asia","Male","73.5109","4.1742","Upper middle income","IDA"
"Maldives","MV","MDV",2007,"","2024-12-16",1868383460.9375,324479,75.686,NA,NA,NA,NA,"South Asia","Male","73.5109","4.1742","Upper middle income","IDA"
"Maldives","MV","MDV",2008,"","2024-12-16",2271646187.5,336170,76.543,NA,NA,NA,NA,"South Asia","Male","73.5109","4.1742","Upper middle income","IDA"
"Maldives","MV","MDV",2009,"","2024-12-16",2345294875,348275,77.069,NA,NA,NA,NA,"South Asia","Male","73.5109","4.1742","Upper middle income","IDA"
"Maldives","MV","MDV",2010,"","2024-12-16",2588176054.6875,360792,77.657,NA,NA,NA,NA,"South Asia","Male","73.5109","4.1742","Upper middle income","IDA"
"Maldives","MV","MDV",2011,"","2024-12-16",2774350240.04918,373674,78.124,NA,NA,NA,NA,"South Asia","Male","73.5109","4.1742","Upper middle income","IDA"
"Maldives","MV","MDV",2012,"","2024-12-16",2886163997.20531,386818,78.682,NA,NA,NA,NA,"South Asia","Male","73.5109","4.1742","Upper middle income","IDA"
"Maldives","MV","MDV",2013,"","2024-12-16",3295009237.50107,400070,79.057,NA,NA,NA,NA,"South Asia","Male","73.5109","4.1742","Upper middle income","IDA"
"Maldives","MV","MDV",2014,"","2024-12-16",3697353039.20043,413617,79.424,91.2941274036136,74.6851237568163,3375466194.16902,2761372693.05325,"South Asia","Male","73.5109","4.1742","Upper middle income","IDA"
"Maldives","MV","MDV",2015,"","2024-12-16",4129505319.12921,428154,79.695,76.4277887239814,67.2927179002555,3156089600.64964,2778856365.07766,"South Asia","Male","73.5109","4.1742","Upper middle income","IDA"
"Maldives","MV","MDV",2016,"","2024-12-16",4409942623.85538,443308,79.872,71.6136330993527,72.7665792128107,3158120130.53976,3208964392.62723,"South Asia","Male","73.5109","4.1742","Upper middle income","IDA"
"Maldives","MV","MDV",2017,"","2024-12-16",4816426256.52914,458287,79.943,69.059448403385,72.8526621135591,3326197405.51483,3508894746.61792,"South Asia","Male","73.5109","4.1742","Upper middle income","IDA"
"Maldives","MV","MDV",2018,"","2024-12-16",5404344162.69888,473099,80.013,66.4483006484404,76.0428279296284,3591094857.30659,4109616132.36603,"South Asia","Male","73.5109","4.1742","Upper middle income","IDA"
"Maldives","MV","MDV",2019,"","2024-12-16",5726094799.37709,487731,80.116,65.5134179053187,71.6118129174731,3751360415.57064,4100560295.20708,"South Asia","Male","73.5109","4.1742","Upper middle income","IDA"
"Maldives","MV","MDV",2020,"","2024-12-16",3712604583.36665,502118,79.875,48.2411995551246,66.1207032890499,1791004985.75461,2454800260.86353,"South Asia","Male","73.5109","4.1742","Upper middle income","IDA"
"Maldives","MV","MDV",2021,"","2024-12-16",5252457369.55218,516154,79.918,76.0989851826493,66.5083115759558,3997066755.38048,3493320712.73601,"South Asia","Male","73.5109","4.1742","Upper middle income","IDA"
"Maldives","MV","MDV",2022,"","2024-12-16",6177118113.94637,524106,80.839,82.670925635235,79.5726448355418,5106680722.38123,4915296257.88246,"South Asia","Male","73.5109","4.1742","Upper middle income","IDA"
"Maldives","MV","MDV",2023,"","2024-12-16",6590894301.9579,525994,NA,74.3820820556303,75.6502878713783,4902444407.88219,4986030512.72942,"South Asia","Male","73.5109","4.1742","Upper middle income","IDA"
"Pakistan","PK","PAK",1980,"","2024-12-16",23654444444.4444,82291010,57.606,12.5907959296094,23.3061034507791,2978282828.28283,5512929292.92929,"South Asia","Islamabad","72.8","30.5167","Lower middle income","Blend"
"Pakistan","PK","PAK",1981,"","2024-12-16",28100606060.6061,85802049,58.052,12.8351953299113,22.332815712663,3606767676.76768,6275656565.65657,"South Asia","Islamabad","72.8","30.5167","Lower middle income","Blend"
"Pakistan","PK","PAK",1982,"","2024-12-16",30725971563.981,89089246,58.416,10.1903695408735,21.1319136596547,3131090047.39336,6492985781.99052,"South Asia","Islamabad","72.8","30.5167","Lower middle income","Blend"
"Pakistan","PK","PAK",1983,"","2024-12-16",28691889763.7795,92227711,58.947,12.1834752611921,22.5084868560075,3495669291.33858,6458110236.22047,"South Asia","Islamabad","72.8","30.5167","Lower middle income","Blend"
"Pakistan","PK","PAK",1984,"","2024-12-16",31151825467.4978,95164936,59.332,11.3946574813841,21.9679753788691,3549643811.21995,6843425348.76818,"South Asia","Islamabad","72.8","30.5167","Lower middle income","Blend"
"Pakistan","PK","PAK",1985,"","2024-12-16",31144920844.3272,98229285,59.363,10.5661887888986,22.6045573823961,3290831134.56464,7040171503.95778,"South Asia","Islamabad","72.8","30.5167","Lower middle income","Blend"
"Pakistan","PK","PAK",1986,"","2024-12-16",31899070055.7967,101606764,59.464,12.296222586739,20.1105081899668,3922380657.16057,6415065096.09423,"South Asia","Islamabad","72.8","30.5167","Lower middle income","Blend"
"Pakistan","PK","PAK",1987,"","2024-12-16",33351529274.6869,105130717,59.066,13.8094148431646,19.0876870592633,4605651034.08098,6366035537.43082,"South Asia","Islamabad","72.8","30.5167","Lower middle income","Blend"
"Pakistan","PK","PAK",1988,"","2024-12-16",38472742808.3167,108724739,59.356,13.8588280235538,19.4253978077819,5331871261.74879,7473483338.08032,"South Asia","Islamabad","72.8","30.5167","Lower middle income","Blend"
"Pakistan","PK","PAK",1989,"","2024-12-16",40171106279.0078,112336629,59.62,14.0719329128478,20.3497262080299,5652851125.93075,8174710142.51481,"South Asia","Islamabad","72.8","30.5167","Lower middle income","Blend"
"Pakistan","PK","PAK",1990,"","2024-12-16",40010423970.4576,116155576,60.066,14.788718407651,20.2458574928471,5917028934.69827,8100453419.34278,"South Asia","Islamabad","72.8","30.5167","Lower middle income","Blend"
"Pakistan","PK","PAK",1991,"","2024-12-16",45625336680.2047,120060406,60.259,16.9323927101705,18.4872623946698,7725461182.02971,8434875710.52096,"South Asia","Islamabad","72.8","30.5167","Lower middle income","Blend"
"Pakistan","PK","PAK",1992,"","2024-12-16",48884671947.4657,123546848,60.116,17.2707273079987,20.4238124130644,8442738387.45654,9984113697.29231,"South Asia","Islamabad","72.8","30.5167","Lower middle income","Blend"
"Pakistan","PK","PAK",1993,"","2024-12-16",51809999353.1614,127020117,59.934,16.2020946178116,22.2972222574199,8394305116.6868,11552190707.3422,"South Asia","Islamabad","72.8","30.5167","Lower middle income","Blend"
"Pakistan","PK","PAK",1994,"","2024-12-16",52293470813.1336,130748083,60.116,16.1583805703018,18.8993431428577,8449778027.40581,9883122490.28425,"South Asia","Islamabad","72.8","30.5167","Lower middle income","Blend"
"Pakistan","PK","PAK",1995,"","2024-12-16",60636071684.1918,134582253,59.878,16.709969655752,19.4227840177671,10132269178.8685,11777213240.079,"South Asia","Islamabad","72.8","30.5167","Lower middle income","Blend"
"Pakistan","PK","PAK",1996,"","2024-12-16",63320170084.4076,138557092,60.398,16.9031017751853,21.4270250588042,10703072793.5879,13567628711.2634,"South Asia","Islamabad","72.8","30.5167","Lower middle income","Blend"
"Pakistan","PK","PAK",1997,"","2024-12-16",62433340468.0228,142531804,60.603,16.081953225121,20.7703128757754,10040500610.948,12967600154.0064,"South Asia","Islamabad","72.8","30.5167","Lower middle income","Blend"
"Pakistan","PK","PAK",1998,"","2024-12-16",62191955814.3478,146522356,61.09,16.4847911755655,17.5269340049655,10252214043.9952,10900343051.9781,"South Asia","Islamabad","72.8","30.5167","Lower middle income","Blend"
"Pakistan","PK","PAK",1999,"","2024-12-16",62973857068.5113,150565377,61.679,15.3534993273502,16.9664634820763,9668690721.42037,10684436462.7839,"South Asia","Islamabad","72.8","30.5167","Lower middle income","Blend"
"Pakistan","PK","PAK",2000,"","2024-12-16",99484802344.5277,154879127,62.102,9.62962610417459,11.8303432242526,9580014496.25513,11769393573.3269,"South Asia","Islamabad","72.8","30.5167","Lower middle income","Blend"
"Pakistan","PK","PAK",2001,"","2024-12-16",97145618479.9038,159270907,62.421,10.626173080299,12.9510357640204,10322861559.6015,12581363792.5112,"South Asia","Islamabad","72.8","30.5167","Lower middle income","Blend"
"Pakistan","PK","PAK",2002,"","2024-12-16",97923302809.3537,163222549,62.626,11.2629655687308,11.8660550291576,11029067879.1816,11619632997.7265,"South Asia","Islamabad","72.8","30.5167","Lower middle income","Blend"
"Pakistan","PK","PAK",2003,"","2024-12-16",112371913740.823,167110248,62.843,12.1646439105383,12.4855222112119,13669643162.0283,14030220249.2744,"South Asia","Islamabad","72.8","30.5167","Lower middle income","Blend"
"Pakistan","PK","PAK",2004,"","2024-12-16",132216048339.413,171286000,63.052,11.4229741601222,13.3853667088544,15103005037.3458,17697602918.1866,"South Asia","Islamabad","72.8","30.5167","Lower middle income","Blend"
"Pakistan","PK","PAK",2005,"","2024-12-16",145208562960.767,175453212,62.466,12.2518459289151,17.6266520708267,17790729409.5449,25595408170.1417,"South Asia","Islamabad","72.8","30.5167","Lower middle income","Blend"
"Pakistan","PK","PAK",2006,"","2024-12-16",161871385506.36,179682690,63.731,12.5489433238569,20.5007688187365,20313148424.7351,33184878526.3446,"South Asia","Islamabad","72.8","30.5167","Lower middle income","Blend"
"Pakistan","PK","PAK",2007,"","2024-12-16",184140869997.46,184493231,63.852,11.6250762010115,19.1628042450621,21406516454.4102,35286554452.7676,"South Asia","Islamabad","72.8","30.5167","Lower middle income","Blend"
"Pakistan","PK","PAK",2008,"","2024-12-16",202203748583.854,189499113,64.036,11.8758184433912,22.4731419747865,24013350067.5497,45441535497.5898,"South Asia","Islamabad","72.8","30.5167","Lower middle income","Blend"
"Pakistan","PK","PAK",2009,"","2024-12-16",187337783856.466,194376534,64.14,12.390986505409,20.9358990809684,23212999517.187,39220849368.7124,"South Asia","Islamabad","72.8","30.5167","Lower middle income","Blend"
"Pakistan","PK","PAK",2010,"","2024-12-16",196709621849.586,199239047,64.436,12.6372221360882,19.3517760693609,24858631876.1913,38066805527.2186,"South Asia","Islamabad","72.8","30.5167","Lower middle income","Blend"
"Pakistan","PK","PAK",2011,"","2024-12-16",230586581059.665,203746065,64.648,13.4825548617217,18.8800834134221,31088962295.1378,43534938844.223,"South Asia","Islamabad","72.8","30.5167","Lower middle income","Blend"
"Pakistan","PK","PAK",2012,"","2024-12-16",250106966104.704,207667125,64.782,11.8739621781713,19.4450085916423,29697606560.2443,48633321047.3554,"South Asia","Islamabad","72.8","30.5167","Lower middle income","Blend"
"Pakistan","PK","PAK",2013,"","2024-12-16",258657231672.412,211073978,65.15,12.1774992839349,18.7127757351044,31497982534.7539,48401947685.4879,"South Asia","Islamabad","72.8","30.5167","Lower middle income","Blend"
"Pakistan","PK","PAK",2014,"","2024-12-16",271390474857.632,214264647,65.284,11.1949725296552,18.2748533038429,30382089108.4127,49596211160.8349,"South Asia","Islamabad","72.8","30.5167","Lower middle income","Blend"
"Pakistan","PK","PAK",2015,"","2024-12-16",299963590534.773,217290883,65.697,9.97457101697387,16.7136135869803,29920081362.9557,50134755423.6137,"South Asia","Islamabad","72.8","30.5167","Lower middle income","Blend"
"Pakistan","PK","PAK",2016,"","2024-12-16",313630000130.435,220138869,65.88,8.73671724677937,15.9648622680443,27400966312.4699,50070597552.0911,"South Asia","Islamabad","72.8","30.5167","Lower middle income","Blend"
"Pakistan","PK","PAK",2017,"","2024-12-16",339205534861.1,223273967,66.297,8.22161246904219,17.25042393966,27888164549.8215,58514392790.3311,"South Asia","Islamabad","72.8","30.5167","Lower middle income","Blend"
"Pakistan","PK","PAK",2018,"","2024-12-16",356128166704.921,226928892,66.482,8.58179970762808,19.0442566575342,30562205969.0642,67821962097.0564,"South Asia","Islamabad","72.8","30.5167","Lower middle income","Blend"
"Pakistan","PK","PAK",2019,"","2024-12-16",320909472770.669,230800899,66.756,9.39086337877951,19.5147124206658,30136170157.4551,62624560741.8707,"South Asia","Islamabad","72.8","30.5167","Lower middle income","Blend"
"Pakistan","PK","PAK",2020,"","2024-12-16",300425609817.981,235001746,66.269,9.29855904268724,17.4177214167425,27935252708.2782,52327295782.6459,"South Asia","Islamabad","72.8","30.5167","Lower middle income","Blend"
"Pakistan","PK","PAK",2021,"","2024-12-16",348516647445.148,239477801,66.098,9.05160046188653,17.9788210968775,31546334469.8965,62659184536.9986,"South Asia","Islamabad","72.8","30.5167","Lower middle income","Blend"
"Pakistan","PK","PAK",2022,"","2024-12-16",374890295666.694,243700667,66.431,10.5405906471536,22.4907628308784,39515651442.13,84315687274.375,"South Asia","Islamabad","72.8","30.5167","Lower middle income","Blend"
"Pakistan","PK","PAK",2023,"","2024-12-16",337912301397.727,247504495,NA,10.4799366025461,18.1203746435817,35412994958.6861,61230974980.0171,"South Asia","Islamabad","72.8","30.5167","Lower middle income","Blend"
